ConductorName,RES_25C,RES_50C,CDRAD_in,CDGMR_ft,MOT
336.4 ACSR 30/7 ORIOLE,0.2708,0.29740,0.3705,0.0255,85
795 ACSR 26/7 DRAKE,0.1166,0.12780,0.5540,0.0374,85
1590 ACSR 54/19 FALCON,0.0613,0.06780,0.7725,0.0521,85